<?xml version="1.0" encoding="UTF-8" standalone="no"?>
<feature id="org.wso2.carbon.identity.xacml.server" label="Identity XACML Server Feature" provider-name="%providerName" version="5.0.8.SNAPSHOT">
  <description>This feature contains the core bundles required for Back-end XACML functionality</description>
  <copyright>%copyright</copyright>
  <license url="%licenseURL">%license</license>
  <plugin id="libthrift" unpack="false" version="0.8.0.wso2v1"/>
  <plugin id="opensaml2" unpack="false" version="2.4.1.wso2v1"/>
  <plugin id="org.wso2.carbon.identity.entitlement" unpack="false" version="5.0.8.SNAPSHOT"/>
  <plugin id="org.wso2.balana" unpack="false" version="1.0.2"/>
  <plugin id="org.wso2.carbon.identity.authenticator.thrift" unpack="false" version="5.0.8.SNAPSHOT"/>
  <plugin id="slf4j.api" unpack="false" version="1.6.1"/>
  <require>
    <import feature="org.wso2.carbon.identity.notification.mgt.server" match="equivalent" version="5.0.8.SNAPSHOT"/>
    <import feature="org.wso2.carbon.security.mgt.server" match="equivalent" version="5.0.8.SNAPSHOT"/>
    <import feature="org.wso2.carbon.identity.core" match="equivalent" version="5.0.8.SNAPSHOT"/>
    <import feature="org.wso2.carbon.core" match="equivalent" version="4.4.3"/>
  </require>
</feature>
