<?xml version="1.0" encoding="UTF-8" standalone="no"?>
<feature id="org.wso2.carbon.identity.core.ui" label="Identity Core UI Feature" provider-name="%providerName" version="5.0.8.SNAPSHOT">
  <description>This feature contains the bundles required for Front-end Identity Core functionality</description>
  <copyright>%copyright</copyright>
  <license url="%licenseURL">%license</license>
  <plugin id="org.wso2.carbon.identity.core.ui" unpack="false" version="5.0.8.SNAPSHOT"/>
  <plugin id="org.wso2.carbon.identity.base" unpack="false" version="5.0.8.SNAPSHOT"/>
  <require>
    <import feature="org.wso2.carbon.security.mgt.server" match="equivalent" version="5.0.8.SNAPSHOT"/>
    <import feature="org.wso2.carbon.core" match="equivalent" version="4.4.3"/>
  </require>
</feature>
