<?xml version="1.0" encoding="UTF-8" standalone="no"?>
<feature id="org.wso2.carbon.identity.user.registration.server" label="Identity user Registration Server Feature" provider-name="%providerName" version="5.0.8.SNAPSHOT">
  <description>This feature contains the core bundles required for
        Back-end User Registration functionality</description>
  <copyright>%copyright</copyright>
  <license url="%licenseURL">%license</license>
  <plugin id="org.wso2.carbon.identity.user.registration" unpack="false" version="5.0.8.SNAPSHOT"/>
  <require>
    <import feature="org.wso2.carbon.core" match="equivalent" version="4.4.3"/>
    <import feature="org.wso2.carbon.identity.core.server" match="equivalent" version="0.0.0.${carbon_identity_version}"/>
  </require>
</feature>
