<?xml version="1.0" encoding="UTF-8" standalone="no"?>
<feature id="org.wso2.carbon.directory.service.mgr" label="WSO2 Carbon - Service Principle Management Feature" provider-name="%providerName" version="5.0.8.SNAPSHOT">
  <description>This feature contains the bundles required to manage service principles.</description>
  <copyright>%copyright</copyright>
  <license url="%licenseURL">%license</license>
  <includes id="org.wso2.carbon.directory.service.mgr.server" optional="false" version="5.0.8.SNAPSHOT"/>
  <includes id="org.wso2.carbon.directory.service.mgr.ui" optional="false" version="5.0.8.SNAPSHOT"/>
</feature>
