<?xml version="1.0" encoding="UTF-8" standalone="no"?>
<feature id="org.wso2.carbon.identity.core" label="Identity Core Feature" provider-name="%providerName" version="5.0.8.SNAPSHOT">
  <description>This feature contains the bundles required for Identity Core functionality</description>
  <copyright>%copyright</copyright>
  <license url="%licenseURL">%license</license>
  <includes id="org.wso2.carbon.identity.core.server" optional="false" version="5.0.8.SNAPSHOT"/>
  <includes id="org.wso2.carbon.identity.core.ui" optional="false" version="5.0.8.SNAPSHOT"/>
</feature>
