<?xml version="1.0" encoding="UTF-8" standalone="no"?>
<feature id="org.wso2.carbon.claim.mgt" label="Claim Management Feature" provider-name="%providerName" version="5.0.8.SNAPSHOT">
  <description>This feature contains the bundles required for Claim Management functionality</description>
  <copyright>%copyright</copyright>
  <license url="%licenseURL">%license</license>
  <includes id="org.wso2.carbon.claim.mgt.server" optional="false" version="5.0.8.SNAPSHOT"/>
  <includes id="org.wso2.carbon.claim.mgt.ui" optional="false" version="5.0.8.SNAPSHOT"/>
</feature>
