<?xml version="1.0" encoding="UTF-8" standalone="no"?>
<feature id="org.wso2.carbon.idp.mgt.server" label="Identity Provider Management Server Feature" provider-name="%providerName" version="5.0.8.SNAPSHOT">
  <description>This feature contains the core bundles required for Back-end identity provider management
        functionality</description>
  <copyright>%copyright</copyright>
  <license url="%licenseURL">%license</license>
  <plugin id="org.wso2.carbon.idp.mgt" unpack="false" version="5.0.8.SNAPSHOT"/>
  <require>
    <import feature="org.wso2.carbon.core" match="equivalent" version="4.4.3"/>
    <import feature="org.wso2.carbon.identity.core.server" match="equivalent" version="5.0.8.SNAPSHOT"/>
  </require>
</feature>
