<!--
  ~
  ~ Copyright (c) 2021, WSO2 Inc. (http://www.wso2.org) All Rights Reserved.
  ~
  ~ WSO2 Inc. licenses this file to you under the Apache License,
  ~  Version 2.0 (the "License"); you may not use this file except
  ~ in compliance with the License.
  ~ You may obtain a copy of the License at
  ~
  ~ http://www.apache.org/licenses/LICENSE-2.0
  ~
  ~ Unless required by applicable law or agreed to in writing,
  ~ software distributed under the License is distributed on an
  ~ "AS IS" BASIS, WITHOUT WARRANTIES OR CONDITIONS OF ANY
  ~ KIND, either express or implied.  See the License for the
  ~ specific language governing permissions and limitations
  ~ under the License.
  ~
  -->

<component xmlns="http://products.wso2.org/carbon">
    <ManagementPermissions>
        <ManagementPermission>
            <DisplayName>Secret Management</DisplayName>
            <ResourceId>/permission/admin/manage/identity/secretmgt</ResourceId>
        </ManagementPermission>
        <ManagementPermission>
            <DisplayName>Add</DisplayName>
            <ResourceId>/permission/admin/manage/identity/secretmgt/add</ResourceId>
        </ManagementPermission>
        <ManagementPermission>
            <DisplayName>Update</DisplayName>
            <ResourceId>/permission/admin/manage/identity/secretmgt/update</ResourceId>
        </ManagementPermission>
        <ManagementPermission>
            <DisplayName>View</DisplayName>
            <ResourceId>/permission/admin/manage/identity/secretmgt/view</ResourceId>
        </ManagementPermission>
        <ManagementPermission>
            <DisplayName>List</DisplayName>
            <ResourceId>/permission/admin/manage/identity/secretmgt/list</ResourceId>
        </ManagementPermission>
        <ManagementPermission>
            <DisplayName>Delete</DisplayName>
            <ResourceId>/permission/admin/manage/identity/secretmgt/delete</ResourceId>
        </ManagementPermission>
    </ManagementPermissions>
</component>
