<?xml version="1.0" encoding="UTF-8" standalone="no"?>
<feature id="org.wso2.carbon.identity.authorization.category" label="WSO2 Carbon Identity - Authorization Feature Category" provider-name="%providerName" version="5.0.8.SNAPSHOT">
  <description>This feature contains authorization related features.</description>
  <copyright>%copyright</copyright>
  <license url="%licenseURL">%license</license>
  <require>
    <import feature="org.wso2.carbon.identity.xacml" match="equivalent" version="5.0.8.SNAPSHOT"/>
  </require>
</feature>
