<?xml version="1.0" encoding="UTF-8" standalone="no"?>
<feature id="org.wso2.carbon.user.mgt.workflow.ui" label="WSO2 Carbon - User Management Workflow UI Feature" provider-name="%providerName" version="5.0.8.SNAPSHOT">
  <description>This feature contains the core bundles required for Front-end User Management Workflow
        functionality</description>
  <copyright>%copyright</copyright>
  <license url="%licenseURL">%license</license>
  <plugin id="org.wso2.carbon.user.mgt.workflow.ui" unpack="false" version="5.0.8.SNAPSHOT"/>
  <require>
    <import feature="org.wso2.carbon.core.ui" match="equivalent" version="4.4.3"/>
  </require>
</feature>
