<?xml version="1.0" encoding="UTF-8" standalone="no"?>
<feature id="org.wso2.carbon.identity.application.authentication.framework.server" label="Application Authentication Framework Server Feature" provider-name="%providerName" version="5.0.8.SNAPSHOT">
  <description>This feature contains the core bundles required for Application Authentication Framework</description>
  <copyright>%copyright</copyright>
  <license url="%licenseURL">%license</license>
  <plugin id="org.wso2.carbon.identity.application.authentication.endpoint.util" unpack="false" version="5.0.8.SNAPSHOT"/>
  <plugin id="org.wso2.carbon.identity.application.authentication.framework" unpack="false" version="5.0.8.SNAPSHOT"/>
  <require>
    <import feature="org.wso2.carbon.claim.mgt.server" match="equivalent" version="5.0.8.SNAPSHOT"/>
    <import feature="org.wso2.carbon.identity.application.mgt.server" match="equivalent" version="5.0.8.SNAPSHOT"/>
    <import feature="org.wso2.carbon.core" match="equivalent" version="4.4.3"/>
    <import feature="org.wso2.carbon.idp.mgt.server" match="equivalent" version="5.0.8.SNAPSHOT"/>
    <import feature="org.wso2.carbon.identity.user.profile.server" match="equivalent" version="5.0.8.SNAPSHOT"/>
    <import feature="org.wso2.carbon.identity.core.server" match="equivalent" version="5.0.8.SNAPSHOT"/>
    <import feature="org.wso2.carbon.tenant.mgt.common.server" match="equivalent" version="4.4.8"/>
  </require>
</feature>
