<?xml version="1.0" encoding="UTF-8" standalone="no"?>
<feature id="org.wso2.carbon.identity.mgt.server" label="Identity Mgt Server Feature" provider-name="%providerName" version="5.0.8.SNAPSHOT">
  <description>This feature contains the core bundles required for Back-end Identity Core functionality</description>
  <copyright>%copyright</copyright>
  <license url="%licenseURL">%license</license>
  <plugin id="kaptcha" unpack="false" version="2.3.0.wso2v1"/>
  <plugin id="org.wso2.carbon.identity.mgt" unpack="false" version="5.0.8.SNAPSHOT"/>
  <plugin id="org.wso2.carbon.captcha.mgt" unpack="false" version="4.5.2"/>
  <require>
    <import feature="org.wso2.carbon.core" match="equivalent" version="4.4.3"/>
    <import feature="org.wso2.carbon.identity.core.server" match="equivalent" version="5.0.8.SNAPSHOT"/>
  </require>
</feature>
