<?xml version="1.0" encoding="UTF-8" standalone="no"?>
<feature id="org.wso2.carbon.identity.application.mgt.server" label="Identity Application Management Server Feature" provider-name="%providerName" version="5.0.8.SNAPSHOT">
  <description>WSO2 is an open source application development software company focused on providing service-oriented
        architecture solutions for professional developers.</description>
  <copyright>%copyright</copyright>
  <license url="%licenseURL">%license</license>
  <plugin id="org.wso2.carbon.identity.application.mgt" unpack="false" version="5.0.8.SNAPSHOT"/>
  <require>
    <import feature="org.wso2.carbon.claim.mgt.server" match="equivalent" version="5.0.8.SNAPSHOT"/>
    <import feature="org.wso2.carbon.security.mgt.server" match="equivalent" version="5.0.8.SNAPSHOT"/>
    <import feature="org.wso2.carbon.core" match="equivalent" version="4.4.3"/>
    <import feature="org.wso2.carbon.idp.mgt.server" match="equivalent" version="5.0.8.SNAPSHOT"/>
    <import feature="org.wso2.carbon.identity.core.server" match="equivalent" version="5.0.8.SNAPSHOT"/>
  </require>
</feature>
