<?xml version="1.0" encoding="UTF-8" standalone="no"?>
<feature id="org.wso2.carbon.identity.core.server" label="Identity Core Server Feature" provider-name="%providerName" version="5.0.8.SNAPSHOT">
  <description>This feature contains the core bundles required for Back-end Identity Core functionality</description>
  <copyright>%copyright</copyright>
  <license url="%licenseURL">%license</license>
  <plugin id="org.wso2.carbon.identity.application.common" unpack="false" version="5.0.8.SNAPSHOT"/>
  <plugin id="org.wso2.carbon.identity.base" unpack="false" version="5.0.8.SNAPSHOT"/>
  <plugin id="org.wso2.carbon.identity.core" unpack="false" version="5.0.8.SNAPSHOT"/>
  <require>
    <import feature="org.wso2.carbon.security.mgt.server" match="equivalent" version="5.0.8.SNAPSHOT"/>
    <import feature="org.wso2.carbon.core" match="equivalent" version="4.4.3"/>
  </require>
</feature>
